英文名,中文名
Beijing,北京
Haidian,海淀
Chaoyang,朝阳
Shunyi,顺义
Huairou,怀柔
Tongzhou,通州
Changping,昌平
Yanqing,延庆
Fengtai,丰台
Shijingshan,石景山
Daxing,大兴
Fangshan,房山
Miyun,密云
Mentougou,门头沟
Pinggu,平谷
Dongcheng,东城
Xicheng,西城
Shanghai,上海
Minhang,闵行
Baoshan,宝山
Huangpu,黄浦
Jiading,嘉定
Pudong,浦东新区
Jinshan,金山
Qingpu,青浦
Songjiang,松江
Fengxian,奉贤
Chongming,崇明
Xuhui,徐汇
Changning,长宁
Jing'an,静安
Putuo,普陀
Hongkou,虹口
Yangpu,杨浦
Tianjin,天津
Wuqing,武清
Baodi,宝坻
Dongli,东丽
Xiqing,西青
Beichen,北辰
Ninghe,宁河
Heping,和平
Jinghai,静海
Jinnan,津南
Binhai,滨海新区
Hedong,河东
Hexi,河西
Jizhou,蓟州
Nankai,南开
Hebei,河北
Hongqiao,红桥
Chongqing,重庆
Yongchuan,永川
Hechuan,合川
Nanchuan,南川
Jiangjin,江津
Yu Bei,渝北
Beibei,北碚
Banan,巴南
Changshou,长寿
Qianjiang,黔江
Yuzhong,渝中
Wanzhou,万州
Fuling,涪陵
Chengkou,城口
Yunyang,云阳
Wuxi,巫溪
Fengjie,奉节
Wushan,巫山
Tongnan,潼南
Dianjiang,垫江
Liangping,梁平
Zhong County,忠县
Shizhu,石柱
Dazu,大足
Rongchang,荣昌
Tongliang,铜梁
Bishan,璧山
Fengdu,丰都
Wulong,武隆
Pengshui,彭水
Qijiang,綦江
Youyang,酉阳
Dadukou,大渡口
Xiushan,秀山
Jiangbei,江北
Shapingba,沙坪坝
Jiulongpo,九龙坡
Nan'an,南岸
Kaizhou,开州
Harbin,哈尔滨
Shuangcheng,双城
Hulan,呼兰
Acheng,阿城
Bin County,宾县
Yilan,依兰
Bayan,巴彦
Tonghe,通河
Fangzheng,方正
Yanshou,延寿
Shangzhi,尚志
Wuchang,五常
Mulan,木兰
Daoli,道里
Nangang,南岗
Daowai,道外
Pingfang,平房
Songbei,松北
Xiangfang,香坊
Qiqihar,齐齐哈尔
Nehe,讷河
Longjiang,龙江
Gannan Prefecture,甘南
Fuyu,富裕
Yi'an,依安
Baiquan,拜泉
Keshan,克山
Kedong,克东
Tailai,泰来
Longsha,龙沙
Jianhua,建华
Tiefeng,铁锋
Ang'angxi,昂昂溪
Fulaerji,富拉尔基
Nianzishan,碾子山
Meilisi Daur,梅里斯
Mudanjiang,牡丹江
Hailin,海林
Muling,穆棱
Linkou,林口
Suifenhe,绥芬河
Ning'an,宁安
Dongning,东宁
Dong'an,东安
Yangming,阳明
Aimin,爱民
Xi'an,西安
Jiamusi,佳木斯
Tangyuan,汤原
Fuyuan,抚远
Huachuan,桦川
Huanan,桦南
Tongjiang,同江
Fujin,富锦
Xiangyang,向阳
Qianjin,前进
Dongfeng,东风
Jiaoqu,郊区
Suihua,绥化
Zhaodong,肇东
Anda,安达
Hailun,海伦
Mingshui,明水
Wangkui,望奎
Lanxi,兰西
Qinggang,青冈
Qing'an,庆安
Suiling,绥棱
Beilin,北林
Heihe,黑河
Nenjiang,嫩江
Sunwu,孙吴
Xunke,逊克
Wudalianchi,五大连池
Bei'an,北安
Aihui,爱辉
Daxing'anling Prefecture,大兴安岭
Tahe,塔河
Mohe,漠河
Huma,呼玛
Jiagedaqi,加格达奇区
Yichun,伊春
Tieli,铁力
Jiayin,嘉荫
Nancha,南岔
Youhao zone,友好
Jinlin,金林
Yimei,伊美
Wucui,乌翠
Tangwangxian,汤旺县
Daqingshan,大箐山县
Fenglin,丰林
Daqing,大庆
Lindian,林甸
Zhaozhou,肇州
Zhaoyuan,肇源
Dorbod,杜尔伯特
Sartu,萨尔图
Longfeng,龙凤
Ranghulu,让胡路
Honggang,红岗
Datong,大同
Xinxing,新兴
Qitaihe,七台河
Boli,勃利
Taoshan,桃山
Qiezihe,茄子河
Jixi,鸡西
Hulin,虎林
Mishan,密山
Jidong,鸡东
Jiguan,鸡冠
Hengshan,恒山
Didao,滴道
Lishu,梨树
Chengzihe,城子河
Mashan,麻山
Hegang,鹤岗
Suibin,绥滨
Luobei,萝北
Gongnong,工农
Nanshan,南山
Xing'an,兴安
Dongshan,东山
Xingshan,兴山
Shuangyashan,双鸭山
Jixian,集贤
Baoqing,宝清
Raohe,饶河
Youyi,友谊
Jianshan,尖山
Lingdong,岭东
Sifangtai,四方台
Changchun,长春
Nong'an,农安
Dehui,德惠
Jiutai,九台
Yushu Prefecture,榆树
Shuangyang,双阳
Erdao,二道
Nanguan,南关
Kuancheng,宽城
Luyuan,绿园
Jilin,吉林
Shulan,舒兰
Yongji,永吉
Jiaohe,蛟河
Panshi,磐石
Huadian,桦甸
Changyi,昌邑
Longtan,龙潭
Chuanying,船营
Fengman,丰满
Yanji,延吉
Dunhua,敦化
Antu,安图
Wangqing,汪清
Helong,和龙
Yanbian Prefecture,延边
Longjing,龙井
Hunchun,珲春
Tumen,图们
Siping,四平
Shuangliao,双辽
Gongzhuling,公主岭
Yitong,伊通
Tiexi,铁西
Tiedong,铁东
Tonghua,通化
Meihekou,梅河口
Liuhe,柳河
Huinan,辉南
Ji'an,集安
Tonghua County,通化县
Dongchang,东昌
Erdaojiang,二道江
Baicheng,白城
Taonan,洮南
Da'an,大安
Zhenlai,镇赉
Tongyu,通榆
Taobei,洮北
Liaoyuan,辽源
Dongfeng,东丰
Dongliao,东辽
Longshan,龙山
Songyuan,松原
Qian'an,乾安
Qian Gorlos,前郭
Changling,长岭
Fuyu,扶余
Ningjiang,宁江
Baishan,白山
Jingyu,靖宇
Linjiang,临江
Changbai,长白
Fusong,抚松
Jiangyuan,江源
Hunjiang,浑江
Shenyang,沈阳
Hunnan,浑南
Liaozhong,辽中
Kangping,康平
Faku,法库
Xinmin,新民
Shenhe,沈河
Dadong,大东
Huanggu,皇姑
Sujiatun,苏家屯
Shenbei New Area,沈北新区
Yuhong,于洪
Dalian,大连
Wafangdian,瓦房店
Jinzhou,金州
Pulandian,普兰店
Lyushunkou,旅顺
Changhai,长海
Zhuanghe,庄河
Zhongshan,中山
Xigang,西岗
Shahekou,沙河口
Ganjingzi,甘井子
Anshan,鞍山
Tai'an,台安
Xiuyan,岫岩
Haicheng,海城
Lishan,立山
Qianshan,千山
Fushun,抚顺
Xinbin,新宾
Qingyuan,清原
Xinfu,新抚
Dongzhou,东洲
Wanghua,望花
Shuncheng,顺城
Fushun County,抚顺县
Benxi,本溪
Benxi County,本溪县
Pingshan,平山
Huanren,桓仁
Xihu,溪湖
Mingshan,明山
Nanfen,南芬
Dandong,丹东
Fengcheng,凤城
Kuandian,宽甸
Donggang,东港
Yuanbao,元宝
Zhenxing,振兴
Zhen'an,振安
Jinzhou,锦州
Linghai,凌海
Guta,古塔
Yi County,义县
Heishan,黑山
Beizhen,北镇
Linghe,凌河
Taihe,太和
Yingkou,营口
Dashiqiao,大石桥
Gaizhou,盖州
Zhanqian,站前
Xishi,西市
Bayuquan,鲅鱼圈
Laobian,老边
Fuxin,阜新
Zhangwu,彰武
Haizhou,海州
Xinqiu,新邱
Taiping,太平
Qinghemen,清河门
Xihe,细河
Fuxin County,阜新县
Liaoyang,辽阳
Liaoyang,辽阳县
Dengta,灯塔
Gongchangling,弓长岭
Baita,白塔
Wensheng,文圣
Hongwei,宏伟
Taizihe,太子河
Tieling,铁岭
Kaiyuan,开原
Changtu,昌图
Xifeng,西丰
Diaobingshan,调兵山
Yinzhou,银州
Qinghe,清河
Tieling County,铁岭县
Shuangta,双塔
Lingyuan,凌源
Kazuo,喀左
Beipiao,北票
Longcheng,龙城
Jianping,建平县
Chaoyang County,朝阳县
Panjin,盘锦
Dawa,大洼
Panshan,盘山
Shuangtaizi,双台子
Xinglongtai,兴隆台
Huludao,葫芦岛
Jianchang,建昌
Suizhong,绥中
Xingcheng,兴城
Lianshan,连山
Longgang,龙港
Nanpiao,南票
Hohhot,呼和浩特
Tumed Left Banner,土左旗
Togtoh,托克托
Horinger,和林
Qingshuihe,清水河
SaiHan,赛罕
Wuchuan,武川
Xincheng,新城
Huimin,回民
Yuquan,玉泉
Baotou,包头
Bayan Obo Mining District,白云鄂博
Tumd Right Banner,土右旗
Guyang,固阳
Darhan Muminggan United Banner,达茂旗
Donghe,东河
Hondlon,昆都仑
Qingshan,青山
Shiguai,石拐
Jiuyuan,九原
Wuhai,乌海
Haibowan,海勃湾
Hainan Prefecture,海南
Ud,乌达
Jining,集宁
Zhuozi,卓资
Huade,化德
Shangdu,商都
Ulanqab,乌兰察布
Xinghe,兴和
Liangcheng,凉城
Chahar Right Front Banner,察右前旗
Chahar Right Middle Banner,察右中旗
Chahar Right Rear Banner,察右后旗
Siziwang,四子王旗
Fengzhen,丰镇
Tongliao,通辽
Horqin Left Middle Banner,科左中旗
Horqin Left Rear Banner,科左后旗
Kailu,开鲁
Hure Banner,库伦
Naiman Banner,奈曼
Jarud Banner,扎鲁特
Horqin,科尔沁
Holingol,霍林郭勒
Chifeng,赤峰
Hongshan,红山
Ar Horqin Banner,阿鲁旗
Bairin Left Banner,巴林左旗
Bairin Right Banner,巴林右旗
Linxi,林西
Hexigten Banner,克什克腾
Ongniud Banner,翁牛特
Harqin Banner,喀喇沁
Ningcheng,宁城
Aohan Banner,敖汉
Yuanbaoshan,元宝山
Songshan,松山
Ordos,鄂尔多斯
Dalad Banner,达拉特
Jungar Banner,准格尔
Otog Front Banner,鄂前旗
Otog Banner,鄂托克
Hanggin Banner,杭锦旗
Uxin Banner,乌审旗
Ejin Horo Banner,伊金霍洛
Dongsheng,东胜
Kangbashi,康巴什
Linhe,临河
Wuyuan,五原
Dengkou,磴口
Urad Front Banner,乌前旗
Urad Middle Banner,乌中旗
Urad Rear Banner,乌后旗
Hanggin Rear Banner,杭锦后旗
Bayannur,巴彦淖尔
Xilinhot,锡林浩特
Xilingol League,锡林郭勒
Erenhot,二连浩特
Abag Banner,阿巴嘎
Sonid Left Banner,苏左旗
Sonid Right Banner,苏右旗
East Ujumqin Banner,东乌旗
West Ujumqin Banner,西乌旗
Taibus Banner,太仆寺
Xianghuang Banner,镶黄旗
Zhengxiangbai Banner,正镶白旗
Zhenglan Banner,正蓝旗
Duolun,多伦
Hailar,海拉尔
Arun Banner,阿荣旗
Morin Dawa Daur,莫力达瓦
Oroqen,鄂伦春旗
Ewenki,鄂温克旗
Chen Barag,陈旗
New Barag Left Banner,新左旗
New Barag Right Banner,新右旗
Manzhouli,满洲里
Yakeshi,牙克石
Zhalantun,扎兰屯
Hulunbuir,呼伦贝尔
Ergun,额尔古纳
Genhe,根河
Zhalainuoer,扎赉诺尔
Ulanhot,乌兰浩特
Arxan,阿尔山
Horqin Right Middle Banner,科右中旗
Jalaid Banner,扎赉特
Tuquan,突泉
Hinggan League,兴安盟
Horqin Right Front Banner,科右前旗
Alxa Left Banner,阿左旗
Alxa Right Banner,阿右旗
Ejin Banner,额济纳
Alxa League,阿拉善盟
Shijiazhuang,石家庄
Jingxing,井陉
Zhengding,正定
Luancheng,栾城
Xingtang,行唐
Lingshou,灵寿
Gaoyi,高邑
Shenze,深泽
Zanhuang,赞皇
Wuji,无极
Yuanshi,元氏
Zhao County,赵县
Xinji,辛集
Gaocheng,藁城
Jinzhou,晋州
Xinle,新乐
Luquan,鹿泉
Chang'an,长安
Qiaoxi,桥西
Xinhua,新华
Jingxing Mining District,井陉矿区
Yuhua,裕华
Baoding,保定
Mancheng,满城
Fuping,阜平
Xushui,徐水
Tang County,唐县
Gaoyang,高阳
Jingxiu,竞秀
Laiyuan,涞源
Wangdu,望都
Yi County,易县
Lianchi,莲池
Quyang,曲阳
Li County,蠡县
Shunping,顺平
Zhuozhou,涿州
Dingzhou,定州
Anguo,安国
Gaobeidian,高碑店
Laishui,涞水
Dingxing,定兴
Qingyuan,清苑
Boye,博野
Zhangjiakou,张家口
Xuanhua,宣化
Zhangbei,张北
Kangbao,康保
Guyuan,沽源
Shangyi,尚义
Yu County,蔚县
Yangyuan,阳原
Huaian,怀安
Wanquan,万全
Huailai,怀来
Zhuolu,涿鹿
Chicheng,赤城
Chongli,崇礼
Qiaodong,桥东
Xiahuayuan,下花园
Shuangqiao,双桥
Chengde,承德
Chengde,承德县
Xinglong,兴隆
Pingquan,平泉
Luanping,滦平
Longhua,隆化
Fengning,丰宁
Weichang,围场
Shuangluan,双滦
Yingshouyingzi Mining District,鹰手营子矿
Tangshan,唐山
Fengnan,丰南
Fengrun,丰润
Luanzhou,滦州
Luannan,滦南
Laoting,乐亭
Qianxi,迁西
Yutian,玉田
Caofeidian,曹妃甸
Zunhua,遵化
Qian'an,迁安
Lunan,路南
Lubei,路北
Guye,古冶
Kaiping,开平
Langfang,廊坊
Gu'an,固安
Yongqing,永清
Xianghe,香河
Dacheng,大城
Wen'an,文安
Dachang,大厂
Bazhou,霸州
Sanhe,三河
Anci,安次
Guangyang,广阳
Cangzhou,沧州
Qing County,青县
Dongguang,东光
Haixing,海兴
Yanshan,盐山
Suning,肃宁
Nanpi,南皮
Wuqiao,吴桥
Xian County,献县
Mengcun,孟村
Botou,泊头
Renqiu,任丘
Huanghua,黄骅
Hejian,河间
Cang County,沧县
Yunhe,运河
Hengshui,衡水
Zaoqiang,枣强
Wuyi,武邑
Wuqiang,武强
Raoyang,饶阳
Anping,安平
Gucheng,故城
Jing County,景县
Fucheng,阜城
Jizhou,冀州
Shenzhou,深州
Taocheng,桃城
Xingtai,邢台
Lincheng,临城
Xiangdu,襄都
Neiqiu,内丘
Baixiang,柏乡
Longyao,隆尧
Nanhe,南和
Ningjin,宁晋
Julu,巨鹿
Xinhe,新河
Guangzong,广宗
Pingxiang,平乡
Wei County,威县
Linxi,临西
Nangong,南宫
Shahe,沙河
Renze,任泽
Xindu,信都
Handan,邯郸
Fengfeng Mining District,峰峰
Linzhang,临漳
Cheng'an,成安
Daming,大名
She County,涉县
Ci County,磁县
Feixiang,肥乡
Yongnian,永年
Qiu County,邱县
Jize,鸡泽
Guangping,广平
Guantao,馆陶
Wei County,魏县
Quzhou,曲周
Wu'an,武安
Hanshan,邯山
Congtai,丛台
Fuxing,复兴
Qinhuangdao,秦皇岛
Qinglong,青龙
Changli,昌黎
Funing,抚宁
Lulong,卢龙
Beidaihe,北戴河
Haigang,海港
Shanhaiguan,山海关
Xiong'an,雄安新区
Rongcheng,容城
Anxin,安新
Xiong County,雄县
Taiyuan,太原
Qingxu,清徐
Yangqu,阳曲
Loufan,娄烦
Gujiao,古交
Jiancaoping,尖草坪区
Xiaodian,小店区
Yingze,迎泽
Xinghualing,杏花岭
Wanbailin,万柏林
Jinyuan,晋源
Yanggao,阳高
Yunzhou,云州
Tianzhen,天镇
Guangling,广灵
Lingqiu,灵丘
Hunyuan,浑源
Zuoyun,左云
Yungang,云冈
Xinrong,新荣
Pingcheng,平城
Yangquan,阳泉
Yu County,盂县
Pingding,平定
Kuangqu,矿区
Chengqu,城区
Jinzhong,晋中
Yuci,榆次
Yushe,榆社
Zuoquan,左权
Heshun,和顺
Xiyang,昔阳
Shouyang,寿阳
Taigu,太谷
Qi County,祁县
Pingyao,平遥
Lingshi,灵石
Jiexiu,介休
Changzhi,长治
Licheng,黎城
Tunliu,屯留
Lucheng,潞城
Xiangyuan,襄垣
Pingshun,平顺
Wuxiang,武乡
Qin County,沁县
Changzi,长子
Qinyuan,沁源
Huguan,壶关
Luzhou,潞州
Shangdang,上党
Jincheng,晋城
Qinshui,沁水
Yangcheng,阳城
Lingchuan,陵川
Gaoping,高平
Zezhou,泽州
Linfen,临汾
Quwo,曲沃
Yonghe,永和
Xi County,隰县
Daning,大宁
Ji County,吉县
Xiangfen,襄汾
Pu County,蒲县
Fenxi,汾西
Hongdong,洪洞
Huozhou,霍州
Xiangning,乡宁
Yicheng,翼城
Houma,侯马
Fushan,浮山
Anze,安泽
Gu County,古县
Yaodu,尧都
Yuncheng,运城
Linyi,临猗
Jishan,稷山
Wanrong,万荣
Hejin,河津
Xinjiang,新绛
Jiang County,绛县
Wenxi,闻喜
Yuanqu,垣曲
Yongji,永济
Ruicheng,芮城
Xia County,夏县
Pinglu,平陆
Yanhu,盐湖
Shuozhou,朔州
Pinglu,平鲁
Shanyin,山阴
Youyu,右玉
Ying County,应县
Huairen,怀仁
Shuocheng,朔城
Xinzhou,忻州
Dingxiang,定襄
Wutai County,五台县
Hequ,河曲
Pianguan,偏关
Shenchi,神池
Ningwu,宁武
Dai County,代县
Fanzhi,繁峙
Baode,保德
Jingle,静乐
Kelan,岢岚
Wuzhai,五寨
Yuanping,原平
Xinfu,忻府
Lyuliang,吕梁
Lishi,离石
Lin County,临县
Xing County,兴县
Lan County,岚县
Liulin,柳林
Shilou,石楼
Fangshan,方山
Jiaokou,交口
Zhongyang,中阳
Xiaoyi,孝义
Fenyang,汾阳
Wenshui,文水
Jiaocheng,交城
Lintong,临潼
Lantian,蓝田
Zhouzhi,周至
Huyi,鄠邑
Gaoling,高陵
Beilin,碑林
Lianhu,莲湖
Baqiao,灞桥
Weiyang,未央
Yanta,雁塔
Yanliang,阎良
Xianyang,咸阳
Sanyuan,三原
Liquan,礼泉
Yongshou,永寿
Chunhua,淳化
Jingyang,泾阳
Wugong,武功
Qian County,乾县
Binzhou,彬州
Changwu,长武
Xunyi,旬邑
Xingping,兴平
Qindu,秦都
Weicheng,渭城
Yan'an,延安
Yanchang,延长
Yanchuan,延川
Zichang,子长
Yichuan,宜川
Fu County,富县
Zhidan,志丹
Ansai,安塞
Ganquan,甘泉
Luochuan,洛川
Huangling,黄陵
Huanglong,黄龙
Wuqi,吴起
Pagoda,宝塔
Yulin,榆林
Fugu,府谷
Shenmu,神木
Jia County,佳县
Dingbian,定边
Jingbian,靖边
Hengshan,横山
Mizhi,米脂
Zizhou,子洲
Suide,绥德
Wubao,吴堡
Qingjian,清涧
Yuyang,榆阳
Weinan,渭南
Tongguan,潼关
Dali Prefecture,大荔
Baishui,白水
Fuping,富平
Pucheng,蒲城
Chengcheng,澄城
Heyang,合阳
Hancheng,韩城
Huayin,华阴
Linwei,临渭
Huazhou,华州
Shangluo,商洛
Luonan,洛南
Zhashui,柞水
Shangzhou,商州
Zhen'an,镇安
Danfeng,丹凤
Shangnan,商南
Shanyang,山阳
Ankang,安康
Ziyang,紫阳
Shiquan,石泉
Hanyin,汉阴
Xunyang,旬阳
Langao,岚皋
Pingli,平利
Baihe,白河
Zhenping,镇坪
Ningshan,宁陕
Hanbin,汉滨
Hanzhong,汉中
Lueyang,略阳
Mian County,勉县
Liuba,留坝
Yang County,洋县
Chenggu,城固
Xixiang,西乡
Foping,佛坪
Ningqiang,宁强
Nanzheng,南郑
Zhenba,镇巴
Hantai,汉台
Baoji,宝鸡
Weibin,渭滨
Qianyang,千阳
Linyou,麟游
Qishan,岐山
Fengxiang,凤翔
Fufeng,扶风
Mei County,眉县
Taibai,太白
Feng County,凤县
Long County,陇县
Chencang,陈仓
Jintai,金台
Tongchuan,铜川
Yijun,宜君
Yaozhou,耀州
Wangyi,王益
Yintai,印台
Yangling,杨陵
Jinan,济南
Changqing,长清
Shanghe,商河
Zhangqiu,章丘
Pingyin,平阴
Jiyang,济阳
Lixia,历下
Shizhong,市中
Huaiyin,槐荫
Tianqiao,天桥
Licheng,历城
Qingdao,青岛
Laoshan,崂山
Shinan,市南
Jimo,即墨
Jiaozhou,胶州
Huangdao,黄岛
Laixi,莱西
Pingdu,平度
Shibei,市北
Licang,李沧
Chengyang,城阳
Zibo,淄博
Zichuan,淄川
Boshan,博山
Gaoqing,高青
Zhoucun,周村
Yiyuan,沂源
Huantai,桓台
Linzi,临淄
Zhangdian,张店
Dezhou,德州
Wucheng,武城
Linyi,临邑
Qihe,齐河
Leling,乐陵
Qingyun,庆云
Pingyuan,平原
Ningjin,宁津
Xiajin,夏津
Yucheng,禹城
Decheng,德城
Lingcheng,陵城
Yantai,烟台
Laizhou,莱州
Penglai,蓬莱
Longkou,龙口
Zhaoyuan,招远
Qixia,栖霞
Fushan,福山
Muping,牟平
Laiyang,莱阳
Haiyang,海阳
Zhifu,芝罘
Laishan,莱山
Weifang,潍坊
Qingzhou,青州
Shouguang,寿光
Linqu,临朐
Changle,昌乐
Anqiu,安丘
Gaomi,高密
Zhucheng,诸城
Weicheng,潍城
Hanting,寒亭
Fangzi,坊子
Kuiwen,奎文
Jining,济宁
Jiaxiang,嘉祥
Weishan,微山
Yutai,鱼台
Yanzhou,兖州
Jinxiang,金乡
Wenshang,汶上
Sishui,泗水
Liangshan Prefecture,梁山
Qufu,曲阜
Zoucheng,邹城
Rencheng,任城
Tai'an,泰安
Xintai,新泰
Taishan,泰山
Feicheng,肥城
Dongping,东平
Ningyang,宁阳
Daiyue,岱岳
Linyi,临沂
Junan,莒南
Yinan,沂南
Lanling,兰陵
Linshu,临沭
Tancheng,郯城
Mengyin,蒙阴
Pingyi,平邑
Fei County,费县
Yishui,沂水
Lanshan,兰山
Luozhuang,罗庄
Heze,菏泽
Juancheng,鄄城
Yuncheng,郓城
Dongming,东明
Dingtao,定陶
Juye,巨野
Cao County,曹县
Chengwu,成武
Shan County,单县
Mudan,牡丹
Binzhou,滨州
Boxing,博兴
Wudi,无棣
Yangxin,阳信
Huimin,惠民
Zhanhua,沾化
Zouping,邹平
Bincheng,滨城
Dongying,东营
Hekou,河口
Kenli,垦利
Lijin,利津
Guangrao,广饶
Dongying District,东营区
Weihai,威海
Wendeng,文登
Rongcheng,荣成
Rushan,乳山
Huancui,环翠
Zaozhuang,枣庄
Xuecheng,薛城
Yicheng,峄城
Taierzhuang,台儿庄
Tengzhou,滕州
Shanting,山亭
Rizhao,日照
Wulian,五莲
Ju County,莒县
Lanshan,岚山
Laiwu,莱芜
Gangcheng,钢城
Liaocheng,聊城
Guan County,冠县
Yanggu,阳谷
Gaotang,高唐
Chiping,茌平
Dong'e,东阿
Linqing,临清
Dongchangfu,东昌府
Xin County,莘县
Urumqi,乌鲁木齐
Tianshan,天山
Saybag,沙依巴克
Dabancheng,达坂城
Xinshi,新市
Shuimogou,水磨沟
Toutunhe,头屯河
Midong,米东
Urumqi County,乌鲁木齐县
Karamay,克拉玛依
Orku,乌尔禾
Baijiantan,白碱滩
Dushanzi,独山子
Karamay District,克拉玛依区
Shihezi,石河子
Changji Prefecture,昌吉
Hutubi,呼图壁
Fukang,阜康
Jimsar,吉木萨尔
Qitai,奇台
Manas,玛纳斯
Mori,木垒
Changji City,昌吉市
Turpan,吐鲁番
Toksun,托克逊
Gaochang,高昌
Shanshan,鄯善
Korla,库尔勒
Luntai,轮台
Yuli,尉犁
Ruoqiang,若羌
Qiemo,且末
Hejing,和静
Yanqi,焉耆
Hoxud,和硕
Bayingolin Prefecture,巴音郭楞
Bohu,博湖
Aral,阿拉尔
Aksu Prefecture,阿克苏
Wushi,乌什
Onsu,温宿
Baicheng,拜城
Xinhe,新和
Xayar,沙雅
Kuqa,库车
Kalpin,柯坪
Awat,阿瓦提
Aksu City,阿克苏市
Kashgar Prefecture,喀什地区
Yengisar,英吉沙
Taxkorgan,塔什库尔干
Makit,麦盖提
Yarkant,莎车
Kargilik,叶城
Poskam,泽普
Maralbexi,巴楚
Yopurga,岳普湖
Payzawat,伽师
Shufu,疏附
Shule,疏勒
Kashgar City,喀什市
Yining,伊宁
Qapqal,察布查尔
Nilka,尼勒克
Yining County,伊宁县
Gongliu,巩留
Xinyuan,新源
Zhaosu,昭苏
Tekes,特克斯
Huocheng,霍城
Khorgas,霍尔果斯
Kuytun,奎屯
Ili Prefecture,伊犁
Tacheng Prefecture,塔城地区
Yumin,裕民
Emin,额敏
Hoboksar,和布克赛尔
Toli,托里
Usu,乌苏
Shawan,沙湾
Tacheng City,塔城市
Hami,哈密
Yizhou,伊州
Barkol,巴里坤
Yiwu,伊吾
Hotan Prefecture,和田地区
Pishan,皮山
Qira,策勒
Karakax,墨玉
Lop,洛浦
Minfeng,民丰
Yutian,于田
Hotan City,和田市
Hotan County,和田县
Altay Prefecture,阿勒泰地区
Habahe,哈巴河
Jeminay,吉木乃
Burqin,布尔津
Fuhai,福海
Fuyun,富蕴
Qinghe,青河
Altay City,阿勒泰市
Artux,阿图什
Wuqia,乌恰
Akto,阿克陶
Akqi,阿合奇
Kizilsu Prefecture,克州
Bole,博乐
Wenquan,温泉
Jinghe,精河
Bortala Prefecture,博尔塔拉
Alashankou,阿拉山口
Tumxuk,图木舒克
Wujiaqu,五家渠
Tiemenguan,铁门关
Kunyu,昆玉
Beitun,北屯
Shuanghe,双河
Kokdala,可克达拉
Huyanghe,胡杨河
Xinxing,新星市
Baiyang,白杨市
Lhasa,拉萨
Damxung,当雄
Nyêmo,尼木
Lhünzhub,林周
Doilungdêqên,堆龙德庆
Qushui,曲水
Dagzê,达孜
Maizhokunggar,墨竹工卡
Chengguan,城关
Xigazê,日喀则
Lhatse,拉孜
Namling,南木林
Nyalam,聂拉木
Tingri,定日
Gyangze,江孜
Zhongba,仲巴
Saga,萨嘎
Gyirong,吉隆
Ngamring,昂仁
Dinggyê,定结
Sa'gya,萨迦
Xaitongmoin,谢通门
Samzhubzê,桑珠孜
Kamba,岗巴
Bainang,白朗
Yadong,亚东
Kangmar,康马
Rinbung,仁布
Shannan,山南
Gonggar,贡嘎
Zhanang,扎囊
Gyaca,加查
Nagarzê,浪卡子
Cona,错那
Lhünzê,隆子
Nêdong,乃东
Sangri,桑日
Lhozhag,洛扎
Comai,措美
Qonggyai,琼结
Qusum,曲松
Nyingchi,林芝
Bomê,波密
Mainling,米林
Zayü,察隅
Gongbo'gyamda,工布江达
Nang County,朗县
Mêdog,墨脱
Bayi,巴宜
Qamdo,昌都
Dêngqên,丁青
Banbar,边坝
Lhorong,洛隆
Zogang,左贡
Markam,芒康
Riwoqê,类乌齐
Baxoi,八宿
Jomda,江达
Zhag'yab,察雅
Gonjo,贡觉
Karuo,卡若
Nagqu,那曲
Nyima,尼玛
Lhari,嘉黎
Baingoin,班戈
Amdo,安多
Sog County,索县
Nyainrong,聂荣
Baqên,巴青
Biru,比如
Shuanghu,双湖
Xainza,申扎
Seni,色尼
Ngari Prefecture,阿里地区
Gêrzê,改则
Burang,普兰
Zanda,札达
Gar,噶尔
Rutog,日土
Gê'gyai,革吉
Coqên,措勤
Xining,西宁
Datong,大通
Huangyuan,湟源
Huangzhong,湟中
Chengdong,城东
Chengzhong,城中
Chengxi,城西
Chengbei,城北
Ping'an,平安
Ledu,乐都
Minhe,民和
Huzhu,互助
Hualong,化隆
Xunhua,循化
Haidong,海东
Tongren,同仁
Jainca,尖扎
Zêkog,泽库
Henan,河南
Huangnan Prefecture,黄南
Gonghe,共和
Guide,贵德
Xinghai,兴海
Guinan,贵南
Tongde,同德
Maqên,玛沁
Baima,班玛
Gadê,甘德
Darlag,达日
Jigzhi,久治
Madoi,玛多
Golog Prefecture,果洛
Yushu Prefecture,玉树州
Chindu,称多
Zhidoi,治多
Zadoi,杂多
Nangqên,囊谦
Qumarlêb,曲麻莱
Yushu City,玉树市
Delingha,德令哈
Haixi Prefecture,海西
Tianjun,天峻
Ulan,乌兰
Mangnai,茫崖
Da Qaidam,大柴旦
Golmud,格尔木
Dulan,都兰
Haiyan,海晏
Menyuan,门源
Qilian,祁连
Haibei Prefecture,海北
Gangca,刚察
Lanzhou,兰州
Gaolan,皋兰
Yongdeng,永登
Yuzhong,榆中
Qilihe,七里河
Xigu,西固
Anning,安宁
Honggu,红古
Dingxi,定西
Tongwei,通渭
Longxi,陇西
Weiyuan,渭源
Lintao,临洮
Zhang County,漳县
Min County,岷县
Anding,安定
Pingliang,平凉
Jingchuan,泾川
Lingtai,灵台
Chongxin,崇信
Huating,华亭
Zhuanglang,庄浪
Jingning,静宁
Kongtong,崆峒
Qingyang,庆阳
Xifeng,西峰
Huan County,环县
Huachi,华池
Heshui,合水
Zhengning,正宁
Ning County,宁县
Zhenyuan,镇原
Qingcheng,庆城
Wuwei,武威
Minqin,民勤
Gulang,古浪
Liangzhou,凉州
Tianzhu,天祝
Jinchang,金昌
Yongchang,永昌
Jinchuan,金川
Zhangye,张掖
Sunan,肃南
Minle,民乐
Linze,临泽
Gaotai,高台
Shandan,山丹
Ganzhou,甘州
Jiuquan,酒泉
Suzhou,肃州
Jinta,金塔
Aksay,阿克塞
Guazhou,瓜州
Subei,肃北
Yumen,玉门
Dunhuang,敦煌
Tianshui,天水
Qinzhou,秦州
Qingshui,清水
Qin'an,秦安
Gangu,甘谷
Wushan,武山
Zhangjiachuan,张家川
Maiji,麦积
Wudu,武都
Cheng County,成县
Wen County,文县
Dangchang,宕昌
Kang County,康县
Xihe,西和
Li County,礼县
Hui County,徽县
Liangdang,两当
Longnan,陇南
Linxia Prefecture,临夏
Kangle,康乐
Yongjing,永靖
Guanghe,广河
Hezheng,和政
Dongxiang,东乡
Jishishan,积石山
Linxia City,临夏市
Linxia County,临夏县
Hezuo,合作
Lintan,临潭
Jone,卓尼
Zhouqu,舟曲
Tewo,迭部
Maqu,玛曲
Luqu,碌曲
Xiahe,夏河
Baiyin,白银
Jingyuan,靖远
Huining,会宁
Pingchuan,平川
Jingtai,景泰
Baiyin District,白银区
Jiayuguan,嘉峪关
Yinchuan,银川
Yongning,永宁
Lingwu,灵武
Helan,贺兰
Xingqing,兴庆
Xixia,西夏
Jinfeng,金凤
Shizuishan,石嘴山
Huinong,惠农
Pingluo,平罗
Dawukou,大武口
Wuzhong,吴忠
Tongxin,同心
Yanchi,盐池
Litong,利通
Hongsipu,红寺堡
Qingtongxia,青铜峡
Guyuan,固原
Xiji,西吉
Longde,隆德
Jingyuan,泾源
Wonju,原州
Pengyang,彭阳
Zhongwei,中卫
Zhongning,中宁
Shapotou,沙坡头
Haiyuan,海原
Zhengzhou,郑州
Gongyi,巩义
Xingyang,荥阳
Dengfeng,登封
Xinmi,新密
Xinzheng,新郑
Zhongmu,中牟
Shangjie,上街
Central Plains,中原
Erqi,二七
Guancheng,管城
Jinshui,金水
Huiji,惠济
Anyang,安阳
Tangyin,汤阴
Hua County,滑县
Neihuang,内黄
Linzhou,林州
Wenfeng,文峰
Beiguan,北关
Yindu,殷都
Long'an,龙安
Anyang County,安阳县
Xinxiang,新乡
Huojia,获嘉
Yuanyang,原阳
Huixian,辉县
Weihui,卫辉
Yanjin,延津
Fengqiu,封丘
Changyuan,长垣
Hongqi,红旗
Weibin,卫滨
Fengquan,凤泉
Muye,牧野
Xinxiang County,新乡县
Xuchang,许昌
Yanling,鄢陵
Xiangcheng,襄城
Changge,长葛
Yuzhou,禹州
Weidu,魏都
Jian'an,建安
Pingdingshan,平顶山
Jia County,郏县
Baofeng,宝丰
Ruzhou,汝州
Ye County,叶县
Wugang,舞钢
Lushan,鲁山
Shilong,石龙
Weidong,卫东
Zhanhe,湛河
Xinyang,信阳
Xi County,息县
Luoshan,罗山
Guangshan,光山
Xin County,新县
Huaibin,淮滨
Huangchuan,潢川
Gushi,固始
Shangcheng,商城
Shihe,浉河
Pingqiao,平桥
Nanyang,南阳
Nanzhao,南召
Fangcheng,方城
Sheqi,社旗
Xixia,西峡
Neixiang,内乡
Zhenping,镇平
Xichuan,淅川
Xinye,新野
Tanghe,唐河
Dengzhou,邓州
Tongbai,桐柏
Wancheng,宛城
Wolong,卧龙
Kaifeng,开封
Qi County,杞县
Weishi,尉氏
Tongxu,通许
Lankao,兰考
Longting,龙亭
Shunhe,顺河
Gulou,鼓楼
Yuwangtai,禹王台
Xiangfu,祥符
Luoyang,洛阳
Xin'an,新安
Yiyang,宜阳
Luoning,洛宁
Yichuan,伊川
Song County,嵩县
Yanshi,偃师
Luanchuan,栾川
Ruyang,汝阳
Mengjin,孟津
Laocheng,老城
Xigong,西工
Chanhe Hui,瀍河
Jianxi,涧西
Luolong,洛龙
Shangqiu,商丘
Liangyuan,梁园
Sui County,睢县
Minquan,民权
Yucheng,虞城
Zhecheng,柘城
Ningling,宁陵
Xiayi,夏邑
Yongcheng,永城
Suiyang,睢阳
Jiaozuo,焦作
Xiuwu,修武
Wuzhi,武陟
Qinyang,沁阳
Jiefang,解放
Bo'ai,博爱
Wen County,温县
Mengzhou,孟州
Zhongzhan,中站
Macun,马村
Hebi,鹤壁
Jun County,浚县
Qi County,淇县
Heshan,鹤山
Shancheng,山城
Qibin,淇滨
Puyang,濮阳
Taiqian,台前
Nanle,南乐
Qingfeng,清丰
Fan County,范县
Hualong,华龙
Puyang County,濮阳县
Zhoukou,周口
Fugou,扶沟
Taikang,太康
Huaiyang,淮阳
Xihua,西华
Shangshui,商水
Xiangcheng,项城
Dancheng,郸城
Luyi,鹿邑
Shenqiu,沈丘
Chuanhui,川汇
Luohe,漯河
Linying,临颍
Wuyang,舞阳
Yuanhui,源汇
Licheng,郾城
Zhaoling,召陵
Zhumadian,驻马店
Xiping,西平
Suiping,遂平
Shangcai,上蔡
Runan,汝南
Biyang,泌阳
Pingyu,平舆
Xincai,新蔡
Queshan,确山
Zhengyang,正阳
Yicheng,驿城
Sanmenxia,三门峡
Lingbao,灵宝
Mianchi,渑池
Lushi,卢氏
Yima,义马
Hubin,湖滨
Shanzhou,陕州
Jiyuan,济源
Nanjing,南京
Lishui,溧水
Gaochun,高淳
Jiangning,江宁
Liuhe,六合
Pukou,浦口
Xuanwu,玄武
Qinhuai,秦淮
Jianye,建邺
Yuhuatai,雨花台
Wuxi,无锡
Jiangyin,江阴
Yixing,宜兴
Xishan,锡山
Huishan,惠山
Lake,滨湖
Liangxi,梁溪
Xinwu,新吴
Zhenjiang,镇江
Danyang,丹阳
Yangzhong,扬中
Jurong,句容
Dantu,丹徒
Jingkou,京口
Runzhou,润州
Suzhou,苏州
Changshu,常熟
Zhangjiagang,张家港
Kunshan,昆山
Wuzhong,吴中
Huqiu,虎丘
Wujiang,吴江
Taicang,太仓
Xiangcheng,相城
Gusu,姑苏
Nantong,南通
Haian,海安
Rugao,如皋
Rudong,如东
Chongchuan,崇川
Qidong,启东
Haimen,海门
Yangzhou,扬州
Baoying,宝应
Yizheng,仪征
Gaoyou,高邮
Jiangdu,江都
Hanjiang,邗江
Guangling,广陵
Yancheng,盐城
Xiangshui,响水
Binhai,滨海
Funing,阜宁
Sheyang,射阳
Jianhu,建湖
Dongtai,东台
Dafeng,大丰
Yandu,盐都
Tinghu,亭湖
Xuzhou,徐州
Tongshan,铜山
Feng County,丰县
Pei County,沛县
Pizhou,邳州
Suining,睢宁
Xinyi,新沂
Yunlong,云龙
Jiawang,贾汪
Quanshan,泉山
Huaian,淮安
Jinhu,金湖
Xuyi,盱眙
Hongze,洪泽
Lianshui,涟水
Huaiyin,淮阴区
Qingjiang Pu,清江浦
Huaian,淮安区
Lianyungang,连云港
Donghai,东海
Ganyu,赣榆
Guanyun,灌云
Guannan,灌南
Lianyun,连云
Changzhou,常州
Liyang,溧阳
Jintan,金坛
Wujin,武进
Tianning,天宁
Bell Tower,钟楼
Xinbei,新北
Taizhou,泰州
Xinghua,兴化
Taixing,泰兴
Jiangyan,姜堰
Jingjiang,靖江
Hailing,海陵
Gaogang,高港
Suqian,宿迁
Shuyang,沭阳
Siyang,泗阳
Sihong,泗洪
Suyu,宿豫
Sucheng,宿城
Wuhan,武汉
Caidian,蔡甸
Huangpi,黄陂
Xinzhou,新洲
Jiangxia,江夏
Dongxihu,东西湖
Jiang'an,江岸
Jianghan,江汉
Qiaokou,硚口
Hanyang,汉阳
Wuchang,武昌
Hongshan,洪山
Hannan,汉南
Xiangyang,襄阳
Xiangzhou,襄州
Baokang,保康
Nanzhang,南漳
Yicheng,宜城
Laohekou,老河口
Gucheng,谷城
Zaoyang,枣阳
Fancheng,樊城
Ezhou,鄂州
Liangzi Lake,梁子湖
Huarong,华容
Echeng,鄂城
Xiaogan,孝感
Anlu,安陆
Yunmeng,云梦
Dawu,大悟
Yingcheng,应城
Hanchuan,汉川
Xiaochang,孝昌
Xiaonan,孝南
Huanggang,黄冈
Hong'an,红安
Macheng,麻城
Luotian,罗田
Yingshan,英山
Xishui,浠水
Qichun,蕲春
Huangmei,黄梅
Wuxue,武穴
Tuanfeng,团风
Huangzhou,黄州
Huangshi,黄石
Daye,大冶
Yangxin,阳新
Tieshan,铁山
Xialu,下陆
Xisaishan,西塞山
Huangshi Port,黄石港
Xianning,咸宁
Chibi,赤壁
Jiayu,嘉鱼
Chongyang,崇阳
Tongcheng,通城
Tongshan,通山
Xian'an,咸安
Jingzhou,荆州
Jiangling,江陵
Gong'an,公安
Shishou,石首
Jianli,监利
Honghu,洪湖
Songzi,松滋
Shashi,沙市
Jingzhou County,荆州区
Yichang,宜昌
Yuan'an,远安
Zigui,秭归
Xiling,西陵
Wufeng,五峰
Dangyang,当阳
Changyang,长阳
Yidu,宜都
Zhijiang,枝江
Yiling,夷陵
Wujiagang,伍家岗
Dianjun,点军
Xiaoting,猇亭
Enshi Prefecture,恩施州
Lichuan,利川
Jianshi,建始
Xianfeng,咸丰
Xuan'en,宣恩
Hefeng,鹤峰
Laifeng,来凤
Badong,巴东
Enshi City,恩施市
Shiyan,十堰
Zhuxi,竹溪
Yunxi,郧西
Yunyang,郧阳
Zhushan,竹山
Fang County,房县
Danjiangkou,丹江口
Maojian,茅箭
Zhangwan,张湾
Shennongjia Forest Area,神农架
Suizhou,随州
Guangshui,广水
Zengdu,曾都
Sui County,随县
Jingmen,荆门
Zhongxiang,钟祥
Jingshan,京山
Duodao,掇刀
Shayang,沙洋
Dongbao,东宝
Tianmen,天门
Xiantao,仙桃
Qianjiang,潜江
Hangzhou,杭州
Xiaoshan,萧山
Tonglu,桐庐
Chun'an,淳安
Jiande,建德
Yuhang,余杭
Lin'an,临安
Fuyang,富阳
Shangcheng,上城
Qiantang,钱塘
Gongshu,拱墅
Xihu,西湖
Binjiang,滨江
Linping,临平
Huzhou,湖州
Changxing,长兴
Anji,安吉
Deqing,德清
Wuxing,吴兴
Nanxun,南浔
Jiaxing,嘉兴
Jiashan,嘉善
Haining,海宁
Tongxiang,桐乡
Pinghu,平湖
Haiyan,海盐
Nanhu,南湖
Xiuzhou,秀洲
Ningbo,宁波
Haishu,海曙
Cixi,慈溪
Yuyao,余姚
Fenghua,奉化
Xiangshan,象山
Ninghai,宁海
Beilun,北仑
Yinzhou,鄞州
Zhenhai,镇海
Yuecheng,越城
Zhuji,诸暨
Shangyu,上虞
Xinchang,新昌
Shengzhou,嵊州
Keqiao,柯桥
Shaoxing,绍兴
Taizhou,台州
Yuhuan,玉环
Sanmen,三门
Tiantai,天台
Xianju,仙居
Wenling,温岭
Linhai,临海
Jiaojiang,椒江
Huangyan,黄岩
Luqiao,路桥
Wenzhou,温州
Taishun,泰顺
Wencheng,文成
Pingyang,平阳
Rui'an,瑞安
Dongtou,洞头
Yueqing,乐清
Yongjia,永嘉
Cangnan,苍南
Lucheng,鹿城
Longwan,龙湾
Ouhai,瓯海
Lishui,丽水
Suichang,遂昌
Longquan,龙泉
Jinyun,缙云
Qingtian,青田
Yunhe,云和
Qingyuan,庆元
Songyang,松阳
Jingning,景宁
Liandu,莲都
Jinhua,金华
Pujiang,浦江
Lanxi,兰溪
Yiwu,义乌
Dongyang,东阳
Wuyi,武义
Yongkang,永康
Pan'an,磐安
Wucheng,婺城
Jindong,金东
Quzhou,衢州
Changshan,常山
Kaihua,开化
Longyou,龙游
Jiangshan,江山
Qujiang,衢江
Kecheng,柯城
Zhoushan,舟山
Shengsi,嵊泗
Daishan,岱山
Dinghai,定海
Hefei,合肥
Changfeng,长丰
Feidong,肥东
Feixi,肥西
Chaohu,巢湖
Lujiang,庐江
Yaohai,瑶海
Luyang,庐阳
Shushan,蜀山
Baohe,包河
Bengbu,蚌埠
Huaiyuan,怀远
Guzhen,固镇
Wuhe,五河
Longzihu,龙子湖
Bangshan,蚌山
Yuhui,禹会
Huaishang,淮上
Wuhu,芜湖
Fanchang,繁昌
Wanzhi,湾沚
Nanling,南陵
Wuwei,无为
Jinghu,镜湖
Yijiang,弋江
Jiujiang,鸠江
Huainan,淮南
Fengtai,凤台
Panji,潘集
Tianjia'an,田家庵
Xiejiaji,谢家集
Bagongshan,八公山
Shou County,寿县
Ma'anshan,马鞍山
Dangtu,当涂
Hanshan,含山
He County,和县
Huashan,花山
Yushan,雨山
Bowang,博望
Anqing,安庆
Taihu,太湖
Qianshan,潜山
Huaining,怀宁
Susong,宿松
Wangjiang,望江
Yuexi,岳西
Tongcheng,桐城
Yingjiang,迎江
Daguan,大观
Yixiu,宜秀
Suzhou,宿州
Dangshan,砀山
Lingbi,灵璧
Si County,泗县
Xiao County,萧县
Yongqiao,埇桥
Fuyang,阜阳
Funan,阜南
Yingshang,颍上
Linquan,临泉
Jieshou,界首
Yingzhou,颍州
Yingdong,颍东
Yingquan,颍泉
Bozhou,亳州
Guoyang,涡阳
Lixin,利辛
Mengcheng,蒙城
Qiaocheng,谯城
Huangshan,黄山
Huangshan,黄山区
Tunxi,屯溪
Qimen,祁门
Yi County,黟县
She County,歙县
Xiuning,休宁
Huizhou,徽州
Chuzhou,滁州
Fengyang,凤阳
Mingguang,明光
Dingyuan,定远
Quanjiao,全椒
Lai'an,来安
Tianchang,天长
Langya,琅琊
Nanqiao,南谯
Huaibei,淮北
Suixi,濉溪
Duji,杜集
Xiangshan,相山
Lieshan,烈山
Tongling,铜陵
Tongguan,铜官
Yi'an,义安
Zongyang,枞阳
Xuancheng,宣城
Jing County,泾县
Jingde,旌德
Ningguo,宁国
Jixi,绩溪
Guangde,广德
Langxi,郎溪
Xuanzhou,宣州
Lu'an,六安
Huoqiu,霍邱
Jin'an,金安
Jinzhai,金寨
Huoshan,霍山
Shucheng,舒城
Yu'an,裕安
Yeji,叶集
Chizhou,池州
Dongzhi,东至
Qingyang,青阳
Shitai,石台
Guichi,贵池
Fuzhou,福州
Minqing,闽清
Minhou,闽侯
Luoyuan,罗源
Lianjiang,连江
Yongtai,永泰
Pingtan,平潭
Taijiang,台江
Changle,长乐
Fuqing,福清
Cangshan,仓山
Mawei,马尾
Jin'an,晋安
Xiamen,厦门
Tongan,同安
Siming,思明
Haicang,海沧
Huli,湖里
Jimei,集美
Xiang'an,翔安
Ningde,宁德
Gutian,古田
Xiapu,霞浦
Shouning,寿宁
Zhouning,周宁
Fu'an,福安
Zherong,柘荣
Fuding,福鼎
Pingnan,屏南
Jiaocheng,蕉城
Putian,莆田
Xianyou,仙游
Hanjiang,涵江
Xiuyu,秀屿
Licheng,荔城
Chengxiang,城厢
Quanzhou,泉州
Anxi,安溪
Kinmen,金门
Yongchun,永春
Dehua,德化
Nan'an,南安
Hui'an,惠安
Jinjiang,晋江
Shishi,石狮
Licheng,鲤城
Fengze,丰泽
Luojiang,洛江
Quangang,泉港
Zhangzhou,漳州
Changtai,长泰
Nanjing,南靖
Pinghe,平和
Longhai,龙海
Zhangpu,漳浦
Zhao'an,诏安
Yunxiao,云霄
Hua'an,华安
Xiangcheng,芗城
Longwen,龙文
Longyan,龙岩
Changting,长汀
Liancheng,连城
Wuping,武平
Shanghang,上杭
Yongding,永定
Zhangping,漳平
Xinluo,新罗
Sanming,三明
Ninghua,宁化
Qingliu,清流
Taining,泰宁
Jiangle,将乐
Jianning,建宁
Mingxi,明溪
Shaxia,沙县
Youxi,尤溪
Yongan,永安
Datian,大田
Sanyuan,三元
Nanping,南平
Shunchang,顺昌
Guangze,光泽
Shaowu,邵武
Wuyishan,武夷山
Pucheng,浦城
Jianyang,建阳
Songxi,松溪
Zhenghe,政和
Jian'ou,建瓯
Yanping,延平
Nanchang,南昌
Xinjian,新建
Nanchang County,南昌县
Anyi,安义
Jinxian,进贤
Donghu,东湖
Qingyunpu,青云谱
Honggutan,红谷滩
Qingshanhu,青山湖
Jiujiang,九江
Ruichang,瑞昌
Lushan,庐山
Wuning,武宁
De'an,德安
Yongxiu,永修
Hukou,湖口
Pengze,彭泽
Duchang,都昌
Xunyang,浔阳
Xiushui,修水
Gongqing,共青城
Lianxi,濂溪
Chaisang,柴桑
Shangrao,上饶
Poyang,鄱阳
Wuyuan,婺源
Shinshu,信州
Yugan,余干
Wannian,万年
Dexing,德兴
Guangxin,广信
Yiyang,弋阳
Hengfeng,横峰
Qianshan,铅山
Yushan,玉山
Guangfeng,广丰
Fuzhou,抚州
Guangchang,广昌
Le'an,乐安
Chongren,崇仁
Jinxi,金溪
Zixi,资溪
Yihuang,宜黄
Nancheng,南城
Nanfeng,南丰
Lichuan,黎川
Linchuan,临川
Yichun,宜春
Tonggu,铜鼓
Yifeng,宜丰
Wanzai,万载
Shanggao,上高
Jing'an,靖安
Fengxin,奉新
Gaoan,高安
Zhangshu,樟树
Fengcheng,丰城
Yuanzhou,袁州
Ji'an,吉安
Ji'an County,吉安县
Jishui,吉水
Xingan,新干
Xiajiang,峡江
Yongfeng,永丰
Yongxin,永新
Jinggangshan,井冈山
Wan'an,万安
Suichuan,遂川
Taihe,泰和
Anfu,安福
Jizhou,吉州
Qingyuan,青原
Ganzhou,赣州
Chongyi,崇义
Shangyou,上犹
Nankang,南康
Dayu,大余
Xinfeng,信丰
Ningdu,宁都
Shicheng,石城
Ruijin,瑞金
Yudu,于都
Huichang,会昌
Anyuan,安远
Quannan,全南
Longnan,龙南
Dingnan,定南
Xunwu,寻乌
Xingguo,兴国
Ganxian,赣县
Zhanggong,章贡
Jingdezhen,景德镇
Leping,乐平
Fuliang,浮梁
Changjiang,昌江
Zhushan,珠山
Pingxiang,萍乡
Lianhua,莲花
Shangli,上栗
Anyuan,安源
Luxi,芦溪
Xiangdong,湘东
Xinyu,新余
Fenyi,分宜
Yushui,渝水
Yingtan,鹰潭
Yujiang,余江
Guixi,贵溪
Yuehu,月湖
Changsha,长沙
Ningxiang,宁乡
Liuyang,浏阳
Wangcheng,望城
Changsha County,长沙县
Furong,芙蓉
Tianxin,天心
Yuelu,岳麓
Kaifu,开福
Yuhua,雨花
Xiangtan,湘潭
Shaoshan,韶山
Xiangxiang,湘乡
Yuhu,雨湖
Yuetang,岳塘
Xiangtan County,湘潭县
Zhuzhou,株洲
You County,攸县
Liling,醴陵
Hetang,荷塘
Chaling,茶陵
Yanling,炎陵
Lusong,芦淞
Shifeng,石峰
Tianyuan,天元
Lukou,渌口
Hengyang,衡阳
Hengshan,衡山
Hengdong,衡东
Qidong,祁东
Hengyang County,衡阳县
Changning,常宁
Hengnan,衡南
Leiyang,耒阳
Nanyue,南岳
Zhuhui,珠晖
Yanfeng,雁峰
Shigu,石鼓
Zhengxiang,蒸湘
Chenzhou,郴州
Guiyang,桂阳
Jiahe,嘉禾
Yizhang,宜章
Linwu,临武
Beihu,北湖
Zixing,资兴
Rucheng,汝城
Anren,安仁
Yongxing,永兴
Guidong,桂东
Suxian,苏仙
Changde,常德
Anxiang,安乡
Taoyuan,桃源
Hanshou,汉寿
Li County,澧县
Linli,临澧
Shimen,石门
Jinshi City,津市
Wuling,武陵
Dingcheng,鼎城
Yiyang,益阳
Heshan,赫山区
Nan County,南县
Taojiang,桃江
Anhua,安化
Yuanjiang,沅江
Ziyang,资阳
Loudi,娄底
Shuangfeng,双峰
Lengshuijiang,冷水江
Louxing,娄星
Xinhua,新化
Lianyuan,涟源
Shaoyang,邵阳
Longhui,隆回
Dongkou,洞口
Xinshao,新邵
Shaodong,邵东
Suining,绥宁
Xinning,新宁
Wugang,武冈
Chengbu,城步
Shaoyang County,邵阳县
Shuangqing,双清
Daxiang,大祥
Beita,北塔
Yueyang,岳阳
Xiangyin,湘阴
Miluo,汨罗
Pingjiang,平江
Linxiang,临湘
Yueyanglou,岳阳楼区
Yunxi,云溪
Junshan,君山
Yueyang County,岳阳县
Zhangjiajie,张家界
Sangzhi,桑植
Cili,慈利
Wulingyuan,武陵源
Huaihua,怀化
Hecheng,鹤城
Yuanling,沅陵
Chenxi,辰溪
Jingzhou,靖州
Huitong,会同
Tongdao,通道
Mayang,麻阳
Xinhuang,新晃
Zhijiang,芷江
Xupu,溆浦
Zhongfang,中方
Hongjiang,洪江
Yongzhou,永州
Qiyang,祁阳
Shuangpai,双牌
Dao County,道县
Ningyuan,宁远
Jiangyong,江永
Lanshan,蓝山
Xintian,新田
Jianghua,江华
Lengshuitan,冷水滩
Lingling,零陵
Jishou,吉首
Baojing,保靖
Yongshun,永顺
Guzhang,古丈
Fenghuang,凤凰
Luxi,泸溪
Huayuan,花垣
Xiangxi Prefecture,湘西
Guiyang,贵阳
Baiyun,白云
Huaxi,花溪
Wudang,乌当
Xifeng,息烽
Kaiyang,开阳
Xiuwen,修文
Qingzhen,清镇
Yunyan,云岩
Nanming,南明
Guanshan Lake,观山湖
Zunyi,遵义
Renhuai,仁怀
Suiyang,绥阳
Meitan,湄潭
Fenggang,凤冈
Tongzi,桐梓
Chishui,赤水
Xishui,习水
Daozhen,道真
Zheng'an,正安
Wuchuan,务川
Yuqing,余庆
Huichuan,汇川
Honghuagang,红花岗
Banzhou,播州
Anshun,安顺
Puding,普定
Zhenning,镇宁
Pingba,平坝
Ziyun,紫云
Guanling,关岭
Xixiu,西秀
Duyun,都匀
Guiding,贵定
Weng'an,瓮安
Changshun,长顺
Fuquan,福泉
Huishui,惠水
Longli,龙里
Luodian,罗甸
Pingtang,平塘
Dushan,独山
Sandu,三都
Libo,荔波
Qiannan Prefecture,黔南
Kaili,凯里
Cengong,岑巩
Shibing,施秉
Zhenyuan,镇远
Huangping,黄平
Qiandongnan Prefecture,黔东南
Majiang,麻江
Danzhai,丹寨
Sansui,三穗
Jianhe,剑河
Leishan,雷山
Liping,黎平
Tianzhu,天柱
Jinping,锦屏
Rongjiang,榕江
Congjiang,从江
Tongren,铜仁
Jiangkou,江口
Yuping,玉屏
Wanshan,万山
Sinan,思南
Bijiang,碧江
Yinjiang,印江
Shiqian,石阡
Yanhe,沿河
Dejiang,德江
Songtao,松桃
Bijie,毕节
Hezhang,赫章
Jinsha,金沙
Weining,威宁
Dafang,大方
Nayong,纳雍
Zhijin,织金
Qianxi,黔西
Qixingguan,七星关
Shuicheng,水城
Liuzhi,六枝
Liupanshui,六盘水
Panzhou,盘州
Zhongshan,钟山
Xingyi,兴义
Qinglong,晴隆
Xingren,兴仁
Zhenfeng,贞丰
Wangmo,望谟
Qianxinan Prefecture,黔西南
Anlong,安龙
Ceheng,册亨
Pu'an,普安
Chengdu,成都
Longquanyi,龙泉驿
Xindu,新都
Wenjiang,温江
Jintang,金堂
Shuangliu,双流
Pidu,郫都
Dayi,大邑
Pujiang,蒲江
Xinjin,新津
Dujiangyan,都江堰
Pengzhou,彭州
Qionglai,邛崃
Chongzhou,崇州
Qingbaijiang,青白江
Jinjiang,锦江
Qingyang,青羊
Jinniu,金牛
Wuhou,武侯
Chenghua,成华
Jianyang,简阳
Panzhihua,攀枝花
Renhe,仁和
Miyi,米易
Yanbian Prefecture,盐边
Dongqu,东区
Xiqu,西区
Zigong,自贡
Fushun,富顺
Rong County,荣县
Ziliujing,自流井
Gongjing,贡井
Daan,大安
Yantan,沿滩
Mianyang,绵阳
Santai,三台
Yanting,盐亭
Zitong,梓潼
Beichuan,北川
Pingwu,平武
Jiangyou,江油
Fucheng,涪城
Youxian,游仙
Anzhou,安州
Nanchong,南充
Nanbu,南部
Yingshan,营山
Peng'an,蓬安
Yilong,仪陇
Xichong,西充
Langzhong,阆中
Shunqing,顺庆
Gaoping,高坪
Jialing,嘉陵
Dazhou,达州
Xuanhan,宣汉
Kaijiang,开江
Dazhu,大竹
Qu County,渠县
Wanyuan,万源
Tongchuan,通川
Dachuan,达川
Suining,遂宁
Pengxi,蓬溪
Shehong,射洪
Chuanshan,船山
Anju,安居
Daying,大英
Guang'an,广安
Yuechi,岳池
Wusheng,武胜
Linshui,邻水
Huaying,华蓥
Qianfeng,前锋
Guang'an County,广安区
Bazhong,巴中
Tongjiang,通江
Nanjiang,南江
Pingchang,平昌
Bazhou,巴州
Enyang,恩阳
Luzhou,泸州
Jiangyang,江阳
Lu County,泸县
Hejiang,合江
Xuyong,叙永
Gulin,古蔺
Naxi,纳溪
Longmatan,龙马潭
Yibin,宜宾
Cuiping,翠屏
Xuzhou,叙州区
Nanxi,南溪
Jiang'an,江安
Gao County,高县
Gong County,珙县
Junlian,筠连
Xingwen,兴文
Pingshan,屏山
Neijiang,内江
Dongxing,东兴
Weiyuan,威远
Zizhong,资中
Longchang,隆昌
Anyue,安岳
Lezhi,乐至
Yanjiang,雁江
Leshan,乐山
Qianwei,犍为
Jingyan,井研
Jiajiang,夹江
Muchuan,沐川
Ebian,峨边
Mabian,马边
Wutongqiao,五通桥
Jinkouhe,金口河
Emeishan City,峨眉山市
Meishan,眉山
Renshou,仁寿
Pengshan,彭山
Hongya,洪雅
Danling,丹棱
Qingshen,青神
Dongpo,东坡
Liangshan Prefecture,凉山
Muli,木里
Yanyuan,盐源
Dechang,德昌
Huili,会理
Huidong,会东
Ningnan,宁南
Puge,普格
Xichang,西昌
Jinyang,金阳
Zhaojue,昭觉
Xide,喜德
Mianning,冕宁
Yuexi,越西
Ganluo,甘洛
Leibo,雷波
Meigu,美姑
Butuo,布拖
Ya'an,雅安
Mingshan,名山
Yingjing,荥经
Hanyuan,汉源
Shimian,石棉
Tianquan,天全
Lushan,芦山
Baoxing,宝兴
Yucheng,雨城
Garze Prefecture,甘孜
Kangding,康定
Luding,泸定
Danba,丹巴
Jiulong,九龙
Yajiang,雅江
Daofu,道孚
Luhuo,炉霍
Xinlong,新龙
Dege,德格
Baiyu,白玉
Shiqu,石渠
Seda,色达
Litang,理塘
Batang,巴塘
Xiangcheng,乡城
Daocheng,稻城
Derong,得荣
Ganze County,甘孜县
Aba Prefecture,阿坝
Wenchuan,汶川
Li County,理县
Mao County,茂县
Songpan,松潘
Jiuzhaigou,九寨沟
Xiaojin,小金
Heishui,黑水
Barkam,马尔康
Zamtang,壤塘
Zoige,若尔盖
Hongyuan,红原
Aba County,阿坝县
Deyang,德阳
Zhongjiang,中江
Guanghan,广汉
Shifang,什邡
Mianzhu,绵竹
Luojiang,罗江
Jingyang,旌阳
Guangyuan,广元
Wangcang,旺苍
Qingchuan,青川
Jiange,剑阁
Cangxi,苍溪
Lizhou,利州
Zhaohua,昭化
Chaotian,朝天
Guangzhou,广州
Panyu,番禺
Conghua,从化
Zengcheng,增城
Huadu,花都
Liwan,荔湾
Yuexiu,越秀
Haizhu,海珠
Tianhe,天河
Huangpu,黄埔
Nansha,南沙
Shaoguan,韶关
Ruyuan,乳源
Shixing,始兴
Wengyuan,翁源
Lechang,乐昌
Renhua,仁化
Nanxiong,南雄
Xinfeng,新丰
Qujiang,曲江
Zhenjiang,浈江
Wujiang,武江
Huizhou,惠州
Boluo,博罗
Huiyang,惠阳
Huidong,惠东
Longmen,龙门
Huicheng,惠城
Meizhou,梅州
Xingning,兴宁
Jiaoling,蕉岭
Dapu,大埔
Meijiang,梅江
Fengshun,丰顺
Pingyuan,平远
Wuhua,五华
Meixian,梅县
Shantou,汕头
Chaoyang,潮阳
Chenghai,澄海
Nan'ao,南澳
Longhu,龙湖
Jinping,金平
Haojiang,濠江
Chaonan,潮南
Shenzhen,深圳
Luohu,罗湖
Futian,福田
Bao'an,宝安
Longgang,龙岗
Yantian,盐田
Longhua,龙华
Pingshan,坪山
Guangming,光明
Zhuhai,珠海
Doumen,斗门
Jinwan,金湾
Xiangzhou,香洲
Foshan,佛山
Shunde,顺德
Sanshui,三水
Nanhai,南海
Gaoming,高明
Chancheng,禅城
Zhaoqing,肇庆
Guangning,广宁
Sihui,四会
Duanzhou,端州
Deqing,德庆
Huaiji,怀集
Fengkai,封开
Gaoyao,高要
Dinghu,鼎湖
Zhanjiang,湛江
Wuchuan,吴川
Leizhou,雷州
Xuwen,徐闻
Lianjiang,廉江
Chikan,赤坎
Suixi,遂溪
Potou,坡头
Xiashan,霞山
Mazhang,麻章
Jiangmen,江门
Xinhui,新会
Enping,恩平
Taishan,台山
Pengjiang,蓬江
Jianghai,江海
Heyuan,河源
Zijin,紫金
Lianping,连平
Longchuan,龙川
Dongyuan,东源
Yuancheng,源城
Qingyuan,清远
Liannan,连南
Lianzhou,连州
Yangshan,阳山
Fogang,佛冈
Yingde,英德
Qingxin,清新
Qingcheng,清城
Yunfu,云浮
Luoding,罗定
Yunan,郁南
Yuncheng,云城
Yun'an,云安
Chaozhou,潮州
Raoping,饶平
Chao'an,潮安
Xiangqiao,湘桥
Dongguan,东莞
Yangjiang,阳江
Yangchun,阳春
Yangdong,阳东
Yangxi,阳西
Jiangcheng,江城
Jieyang,揭阳
Jiexi,揭西
Puning,普宁
Huilai,惠来
Jiedong,揭东
Rongcheng,榕城
Maoming,茂名
Gaozhou,高州
Huazhou,化州
Dianbai,电白
Xinyi,信宜
Maonan,茂南
Shanwei,汕尾
Haifeng,海丰
Lufeng,陆丰
Luhe,陆河
Kunming,昆明
Dongchuan,东川
Xundian,寻甸
Jinning,晋宁
Yiliang,宜良
Shilin,石林
Chenggong,呈贡
Fumin,富民
Songming,嵩明
Luquan,禄劝
Panlong,盘龙
Guandu,官渡
Xishan,西山
Dali Prefecture,大理州
Yangbi,漾濞
Yongping,永平
Binchuan,宾川
Midu,弥渡
Xiangyun,祥云
Weishan,巍山
Jianchuan,剑川
Eryuan,洱源
Heqing,鹤庆
Nanjian,南涧
Dali City,大理市
Honghe Prefecture,红河
Shiping,石屏
Jianshui,建水
Mile,弥勒
Yuanyang,元阳
Luchun,绿春
Kaiyuan,开远
Gejiu,个旧
Mengzi,蒙自
Pingbian,屏边
Luxi,泸西
Honghe County,红河县
Qujing,曲靖
Zhanyi,沾益
Luliang,陆良
Fuyuan,富源
Malong,马龙
Shizong,师宗
Luoping,罗平
Huize,会泽
Xuanwei,宣威
Kylin,麒麟
Baoshan,保山
Longyang,隆阳
Longling,龙陵
Shidian,施甸
Changning,昌宁
Tengchong,腾冲
Wenshan Prefecture,文山州
Xichou,西畴
Maguan,马关
Malipo,麻栗坡
Yanshan,砚山
Qiubei,丘北
Guangnan,广南
Funing,富宁
Wenshan City,文山市
Yuxi,玉溪
Chengjiang,澄江
Jiangchuan,江川
Tonghai,通海
Huaning,华宁
Xinping,新平
Yimen,易门
Eshan,峨山
Yuanjiang,元江
Hongta,红塔
Chuxiong Prefecture,楚雄州
Dayao,大姚
Yuanmou,元谋
Yao'an,姚安
Mouding,牟定
Nanhua,南华
Wuding,武定
Lufeng,禄丰
Shuangbai,双柏
Yongren,永仁
Chuxiong City,楚雄市
Pu'er City,普洱
Jinggu,景谷
Jingdong,景东
Lancang,澜沧
Simao,思茅
Mojiang,墨江
Menglian,孟连
Ximeng,西盟
Zhenyuan,镇沅
Ning'er,宁洱
Zhaotong,昭通
Ludian,鲁甸
Yiliang,彝良
Zhenxiong,镇雄
Weixin,威信
Qiaojia,巧家
Suijiang,绥江
Yongshan,永善
Yanjin,盐津
Daguan,大关
Shuifu,水富
Zhaoyang,昭阳
Lincang,临沧
Cangyua,沧源
Gengma,耿马
Shuangjiang,双江
Fengqing,凤庆
Yongde,永德
Yun County,云县
Zhenkang,镇康
Linxiang,临翔
Nujiang Prefecture,怒江
Fugong,福贡
Lanping,兰坪
Lushui,泸水
Gongshan,贡山
Shangri-La City,香格里拉
Deqin,德钦
Weixi,维西
Diqing Prefecture,迪庆
Lijiang,丽江
Yongsheng,永胜
Huaping,华坪
Ninglang,宁蒗
Gucheng,古城
Yulong,玉龙
Dehong Prefecture,德宏
Longchuan,陇川
Yingjiang,盈江
Ruili,瑞丽
Lianghe,梁河
Mangshi,芒市
Jinghong,景洪
Xishuangbanna Prefecture,西双版纳
Menghai,勐海
Mengla,勐腊
Nanning,南宁
Yongning,邕宁
HengZhou City,横州
Long'an,隆安
Mashan,马山
Shanglin,上林
Wuming,武鸣
Binyang,宾阳
Qingxiu,青秀
Jiangnan,江南
Xixiangtang,西乡塘
Liangqing,良庆
Chongzuo,崇左
Tiandeng,天等
Longzhou,龙州
Pingxiang,凭祥
Daxin,大新
Fusui,扶绥
Ningming,宁明
Jiangzhou,江州
Liuzhou,柳州
Liucheng,柳城
Luzhai,鹿寨
Liujiang,柳江
Rong'an,融安
Rongshui,融水
Sanjiang,三江
Yufeng,鱼峰
Liunan,柳南
Liubei,柳北
Laibin,来宾
Xincheng,忻城
Jinxiu,金秀
Xiangzhou,象州
Wuxuan,武宣
Heshan,合山
Xingbin,兴宾
Guilin,桂林
Xiufeng,秀峰
Longsheng,龙胜
Yongfu,永福
Lingui,临桂
Lingchuan,灵川
Quanzhou,全州
Guanyang,灌阳
Yangshuo,阳朔
Gongcheng,恭城
Pingle,平乐
Lipu,荔浦
Ziyuan,资源
Diecai,叠彩
Qixing,七星
Yanshan,雁山
Wuzhou,梧州
Teng County,藤县
Wanxiu,万秀
Cangwu,苍梧
Mengshan,蒙山
Cenxi,岑溪
Cheung Chau,长洲
Longxu,龙圩
Hezhou,贺州
Zhaoping,昭平
Fuchuan,富川
Babu,八步
Pinggui,平桂
Guigang,贵港
Guiping,桂平
Pingnan,平南
Gangbei,港北
Gangnan,港南
Qintang,覃塘
Yulin,玉林
Bobai,博白
Beiliu,北流
Rong County,容县
Luchuan,陆川
Xingye,兴业
Yuzhou,玉州
Fumian,福绵
Baise,百色
Napo,那坡
Tianyang,田阳
Debao,德保
Jingxi,靖西
Tiandong,田东
Pingguo,平果
Longlin,隆林
Xilin,西林
Leye,乐业
Lingyun,凌云
Tianlin,田林
Youjiang,右江
Qinzhou,钦州
Pubei,浦北
Lingshan,灵山
Qinnan,钦南
Qinbei,钦北
Hechi,河池
Tian'e,天峨
Donglan,东兰
Bama,巴马
Huanjiang,环江
Luocheng,罗城
Yizhou,宜州
Fengshan,凤山
Nandan,南丹
Du'an,都安
Dahua,大化
Jinchengjiang,金城江
Beihai,北海
Hepu,合浦
Yinhai,银海
Tieshangang,铁山港
Fangchenggang,防城港
Shangsi,上思
Gangkou,港口
Fangcheng,防城
Haikou,海口
Xiuying,秀英
Qiongshan,琼山
Meilan,美兰
Sanya,三亚
Dongfang,东方
Lingao,临高
Chengmai,澄迈
Danzhou,儋州
Baisha,白沙
Qiongzhong,琼中
Ding'an,定安
Tunchang,屯昌
Qionghai,琼海
Wenchang,文昌
Haitang,海棠
Baoting,保亭
Wanning,万宁
Lingshui,陵水
Jiyang,吉阳
Tianya,天涯
Ledong,乐东
Wuzhishan,五指山
Yazhou,崖州
Sansha,三沙
Xisha,西沙
Hong Kong,香港
New Territories,新界
Yau Tsim Mong,油尖旺
Eastern District,东区
Central and Western District,中西区
Tuen Mun,屯门
Tai Po,大埔
Sham Shui Po,深水埗
Kowloon City,九龙城
Kwai Tsing,葵青
Yuen Long,元朗
Wan Chai,湾仔
Sai Kung,西贡
Sha Tin,沙田
Kwun Tong,观塘
North District,北区
Islands District,离岛
Wong Tai Sin,黄大仙
Tsuen Wan,荃湾
Southern District,南区
Macao,澳门
Taipa Island,氹仔岛
Coloane Island,路环岛
Cotai,路凼城
Saint Lawrence Parish,风顺堂区
Taipa,嘉模堂区
Saint Lazarus Parish,望德堂区
Cathedral Parish,大堂区
Coloane,圣方济各堂区
Saint Anthony Parish,花王堂区
Our Lady of Fatima Parish,花地玛堂区
Diaoyu Islands,钓鱼岛
Taipei,台北
Taoyuan,桃园
Hsinchu,新竹
Yilan,宜兰市
Kaohsiung,高雄
Chiayi,嘉义市
Tainan,台南市
Taitung,台东市
Pingtung,屏东市
Taichung,台中市
Miaoli,苗栗市
Changhua,彰化市
Nantou,南投市
Hualien,花莲市
Laiyi Township,来义乡
Nansi District,楠西区
Dongshan Township,冬山乡
Houli District,后里区
Niaosong District,鸟松区
Linkou District,林口区
Taiping District,太平区
Xiulin Township,秀林乡
Guanshan Township,关山镇
Zhongzheng District,中正区
West Central District,中西区
Puzi City,朴子市
Lingya District,苓雅区
Emei Township,峨眉乡
Yingge District,莺歌区
Fengbin Township,丰滨乡
Daan Waipu Area,大安区
Beinan Township,卑南乡
Qingshui District,清水区
Sanxia District,三峽区
Maolin District,茂林区
Gaoshu Township,高树乡
Jiuru Township,九如乡
Ren'ai Township,仁爱乡
Shenkeng District,深坑区
Alian District,阿莲区
Wuri District,乌日区
Dongshi Township,东势乡
Shengang Township,伸港乡
Shilin District,士林区
Longjing District,龙井区
Wujie Township,五结乡
Puxin Township,埔心乡
Dadu District,大肚区
Tianliao District,田寮区
Shuilin Township,水林乡
Luzhu District,芦竹区
Zhuqi Township,竹崎乡
Pingzhen District,平镇区
Ziguan District,梓官区
Nanhua District,南化区
Guantian District,官田区
Mudan Township,牡丹乡
Tucheng District,土城区
Nuannuan District,暖暖区
Xinpu Township,新埔镇
Kouhu Township,口湖乡
Guanmiao District,关庙区
Changbin Township,长滨乡
Pitou Township,埤头乡
Xiangshan Distric,香山区
Rende District,仁德区
Su'ao Township,苏澳镇
Haiduan Township,海端乡
Beitou District,北投区
Alishan Township,阿里山乡
Tai'an Township,泰安乡
Changzhi Township,长治乡
Zhonghe District,中和区
Jiji Township,集集镇
Dacun Township,大村乡
Nanzih District,楠梓区
Wenshan District,文山区
Ruifang District,瑞芳区
Manzhou Township,满州乡
Anping District,安平区
Dali District,大里区
Zhongpu Township,中埔乡
Beitun District,北屯区
Liujiao Township,六脚乡
Lunbei Township,仑背乡
Ershui Township,二水乡
Cigu District,七股区
Bade District,八德区
Xikou Township,溪口乡
Checheng Township,车城乡
Ligang Township,里港乡
Xihu Township,西湖乡
Taoyuan District,桃源区
Meishan Township,梅山乡
Tanzi District,潭子区
Shitan Township,狮潭乡
Dacheng Township,大城乡
Kanding Township,崁顶乡
Annan District,安南区
Yongkang District,永康区
Fuxing District,复兴区
Gukeng Township,古坑乡
Qidu District,七堵区
Hemei Township,和美镇
Meinong District,美浓区
Zhongshan District,中山区
Mingjian Township,名间乡
Jiali District,佳里区
Yangmei District,杨梅区
Fanlu Township,番路乡
Taibao,太保市
South District,南区
Shulin District,樹林区
Yuanshan Township,员山乡
Dongshan District,东山区
Tuku Township,土库镇
Mailiao Township,麦寮乡
Bali District,八里区
Yongjing Township,永靖乡
Jiaoxi Township,礁溪乡
Yong'an District,永安区
Jinfeng Township,金峰乡
Guishan District,龟山区
Guoxing Township,国姓乡
Ludao Township,绿岛乡
Dahu Township,大湖乡
Tianzhong Township,田中镇
Fangyuan Township,芳苑乡
Jinshan District,金山区
Budai Township,布袋镇
Yanchao District,燕巢区
Liouying District,柳营区
Zhutian Township,竹田乡
Pingxi District,平渓区
Citong Township,莿桐乡
Dounan Township,斗南镇
Xinyi District,信义区
Taimali Township,太麻里乡
Yujing District,玉井区
Xinfeng Township,新丰乡
Yizhu Township,义竹乡
Lujhu District,路竹区
Chishang Township,池上乡
Wanli District,万里区
Guanyin District,观音区
Shimen District,石门区
Jiangjun District,将军区
Dapu Township,大埔乡
Cianjin District,前金区
Sigang District,西港区
Shizi Township,狮子乡
Linyuan District,林园区
Ji'an Township,吉安乡
Daliao District,大寮区
Cishan District,旗山区
Ruisui Township,瑞穗乡
Xizhi District,汐止区
Chaozhou Township,潮州镇
Jiadong Township,佳冬乡
West District,西区
Sanwan Township,三湾乡
Yanshuei District,盐水区
Xingang Township,新港乡
Nan'ao Township,南澳乡
Pinglin District,坪林区
Hengshan Township,横山乡
Nangang District,南港区
Shanlin District,杉林区
Central District,中区
Longci District,龙崎区
Magong,马公市
Wanrong Township,万荣乡
Hengchun Township,恒春镇
Da'an District,大安区
Dajia District,大甲区
Dashu District,大树区
Puli Township,埔里镇
New Taipei City,新北市
Toucheng Township,头城镇
Cijin District,旗津区
East District,东区
Baihe District,白河区
Zhuolan Township,卓兰镇
Xincheng Township,新城乡
Baoshan Township,宝山乡
Madou District,麻豆区
Cianjhen District,前镇区
Hunei District,湖内区
Shigang District,石冈区
Syuejia District,学甲区
Fangshan Township,枋山乡
Wanhua District,万華区
Caotun Township,草屯镇
Puyan Township,埔盐乡
Jianshi Township,尖石乡
Xiushui Township,秀水乡
Erlin Township,二林镇
Beidou Township,北斗镇
Douliu City,斗六市
Xitun District,西屯区
Yancheng District,盐埕区
Dayuan District,大园区
Wugu District,五股区
Linnei Township,林内乡
Zhutang Township,竹塘乡
Gangshan District,冈山区
Wandan Township,万丹乡
Sandimen Township,三地门乡
Zhudong Township,竹东镇
Gongguan Township,公馆乡
Nanzhou Township,南州乡
Neimen District,内门区
Xinshe District,新社区
Yuanli Township,苑里镇
Xinying District,新营区
Sanchong District,三重区
Daren Township,达仁乡
Wutai Township,雾台乡
Luye Township,鹿野乡
Houlong Township,后龙镇
Xianxi Township,线西乡
Dapi Township,大埤乡
Danei District,大内区
Taixi Township,台西乡
Wulai District,乌来区
Wang'an Township,望安乡
Yonghe District,永和区
Shanshang District,山上区
Xizhou Township,溪州乡
Sinhua District,新化区
Fenyuan Township,芬园乡
Shetou Township,社头乡
Songshan District,松山区
Huxi Township,湖西乡
Anding District,安定区
Tongxiao Township,通霄镇
Liouguei District,六龟区
Wufeng District,雾峰区
Tianwei Township,田尾乡
Lanyu Township,兰屿乡
Xinyuan Township,新园乡
Keelung,基隆市
Linluo Township,麟洛乡
Mituo District,弥陀区
Lukang Township,鹿港镇
Yuanlin Township,员林镇
Wanluan Township,万峦乡
Zhuangwei Township,壮围乡
Fengshan District,凤山区
Houbi District,后壁区
Zaoqiao Township,造桥乡
Dongshi District,东势区
Linbian Township,林边乡
Dashe District,大社区
Shalu District,沙鹿区
Gongliao District,貢寮区
Sinshih District,新市区
Sihu Township,四湖乡
Datong District,大同区
Yuanchang Township,元长乡
Donggang Township,东港镇
Sanyi Township,三义乡
Zhuoxi Township,卓溪乡
Shoufeng Township,寿丰乡
Zhushan Township,竹山镇
Xinyi Township,信义乡
Fangliao Township,枋寮乡
Sinsing District,新兴区
Daya District,大雅区
Chunri Township,春日乡
Xiluo Township,西螺镇
Guangfu Township,光复乡
Wuqi District,梧栖区
Baozhong Township,褒忠乡
Taishan District,泰山区
Baisha Township,白沙乡
Nantun District,南屯区
Sanzhi District,三芝区
Dawu Township,大武乡
Siaogang District,小港区
Shuili Township,水里乡
Tamsui District,淡水区
Beimen District,北门区
Majia Township,玛家乡
Zhubei,竹北市
Neipu Township,内埔乡
Longtan District,龙潭区
Waipu Area,外埔区
Luodong Township,罗东镇
Shuishang Township,水上乡
Wufeng Township,五峰乡
Toufen Township,头份镇
Fenglin Township,凤林镇
Sanmin District,三民区
Lioujia District,六甲区
Shanhua District,善化区
Zuoying District,左营区
Beipu Township,北埔乡
Minxiong Township,民雄乡
Xiyu Township,西屿乡
Shiding District,石碇区
Zhunan Township,竹南镇
Qimei Township,七美乡
Anle Distric,安乐区
Zhongzheng,中正区
Lucao Township,鹿草乡
Neihu District,内湖区
Zhongli  District,中坜区
Lugu Township,鹿谷乡
Donghe Township,东河乡
Jiasian District,甲仙区
Luzhou District,蘆洲区
Banqiao District,板桥区
Dalin Township,大林镇
Qionglin Township,芎林乡
Tongluo Township,铜锣乡
Zhongliao Township,中寮乡
Erlun Township,二仑乡
Nanzhuang Township,南庄乡
Hukou Township,湖口乡
Chenggong Township,成功镇
Taiwu Township,泰武乡
Touwu Township,头屋乡
Namasia District,那玛夏区
Sanxing Township,三星乡
Xiaying District,下营区
Zuojhen District,左镇区
Huwei Township,虎尾镇
Huatan Township,花坛乡
Fuxing Township,福兴乡
Fengyuan District,丰原区
Xinpi Township,新埤乡
Qieding District,茄萣区
Xinzhuang District,新庄区
Fuli Township,富里乡
Yuchi Township,鱼池乡
Datong Township,大同乡
Yuli Township,玉里镇
Liuqiu Township,琉球乡
Gushan District,鼓山区
Daxi District,大溪区
Renwu District,仁武区
Yanping Township,延平乡
Guanxi Township,关西镇
Heping District,和平区
Xindian District,新店区
Gueiren District,归仁区
Renai District,仁爱区
Ciaotou District,桥头区
Shuangxi District,双渓区
Shengang District,神冈区
Beigang Township,北港镇
Yanpu Township,盐埔乡
Xinwu District,新屋区
